Year,Soil Type,Weather Conditions,Yield (kg/ha),Market Price (INR/kg),Cancer Prevention Study Findings,Fertilizer Type,Irrigation Type,Pest Control,Plant Density (plants/ha),Harvest Time,Research Funding (INR),Soil pH Level,Nutrients Level
2006,Peaty,Tropical,2055.6319707676375,472.811242204007,Negative,Inorganic,Sprinkler,No,164,Mid,945004.0968673604,6.2535814028505605,Low
2019,Loamy,Humid,1317.1897256064155,141.0038911962717,Positive,Inorganic,Drip,No,391,Early,645317.0533255726,6.498456192458127,Medium
2014,Loamy,Dry,4588.027526001328,474.89139489458046,Negative,Inorganic,Sprinkler,No,124,Early,674764.3571805349,7.457732987473456,Low
2010,Clayey,Dry,3125.263076447542,375.1542889203253,Neutral,Inorganic,Flood,Yes,648,Late,635959.3321012635,6.347746026235628,Medium
2007,Sandy,Temperate,2303.8313754363794,127.13482364206877,Neutral,Inorganic,Sprinkler,Yes,100,Mid,207002.2175698424,6.323801519552717,High
2020,Loamy,Dry,2579.026116398597,220.3854267787265,Positive,Organic,Flood,No,648,Early,424150.5254612573,7.962716628263063,Medium
2006,Silty,Dry,4762.775028253169,383.2688354581126,Negative,Organic,Sprinkler,No,240,Mid,753430.4003796851,7.026920668274272,Medium
2018,Loamy,Dry,1190.0813140223609,126.94024058750868,Neutral,Inorganic,Flood,Yes,843,Mid,110359.16857762756,5.769175221804542,High
2022,Loamy,Tropical,3138.0342440755876,332.8681840705093,Negative,Inorganic,Sprinkler,Yes,747,Late,285074.24832881516,6.829588000131711,Low
2010,Sandy,Dry,2776.499054980097,238.3532227811827,Negative,Organic,Sprinkler,Yes,287,Mid,283555.91738119506,5.556921886767154,High
2010,Peaty,Dry,3251.5440594559154,348.3662071069908,Positive,Inorganic,Sprinkler,No,227,Late,437698.73831856094,4.915501849933996,Medium
2023,Loamy,Temperate,581.4958271937822,118.29681352500515,Neutral,Inorganic,Drip,No,300,Early,980565.0535327633,6.387407507551037,Low
2020,Clayey,Dry,4424.557590248682,448.61472246095053,Positive,Inorganic,Sprinkler,No,226,Mid,76827.52121698372,7.712728392455806,High
2003,Peaty,Dry,4694.532271176256,489.3955876709588,Positive,Organic,Drip,Yes,356,Early,523513.98443678906,7.716558080061851,Low
2007,Silty,Humid,3043.0993261514404,487.5511421142766,Neutral,Organic,Flood,Yes,775,Mid,187571.03519208834,5.367621112421961,Low
2023,Sandy,Temperate,3634.9287074460153,399.8607326971699,Neutral,Inorganic,Sprinkler,No,646,Early,970969.7799556467,6.11070986488678,High
2002,Silty,Temperate,4651.247215297831,152.0344960522528,Negative,Inorganic,Flood,No,293,Mid,122170.46968018956,4.846543594279445,Low
2021,Peaty,Temperate,3682.5738544102937,403.305278371609,Neutral,Organic,Flood,Yes,802,Mid,409564.99233797536,7.982524437995534,High
2020,Peaty,Temperate,1186.425693114176,109.8347665835206,Negative,Organic,Sprinkler,Yes,203,Mid,740506.1349862601,7.924471631471743,Medium
2001,Peaty,Temperate,3093.2976207506595,108.8494206115989,Negative,Inorganic,Drip,Yes,634,Mid,707508.8837471708,6.59803571882979,Low
2023,Silty,Temperate,3230.2177087228515,229.4440876598165,Negative,Inorganic,Sprinkler,Yes,364,Mid,428501.3505249929,7.2176562387098935,Medium
2011,Peaty,Tropical,2408.588020860737,295.4572761618663,Neutral,Organic,Flood,No,901,Mid,353058.92627319106,6.8604006451348,Medium
2005,Silty,Dry,3813.999060311253,408.16296712311726,Positive,Organic,Flood,Yes,483,Mid,403636.2547673419,6.372632876157873,Low
2001,Peaty,Temperate,4704.651566460567,373.31815064260206,Negative,Organic,Sprinkler,Yes,359,Mid,271633.5005270529,4.213391987955591,High
2020,Clayey,Dry,4665.058308080494,278.36108255069934,Positive,Inorganic,Drip,Yes,513,Mid,213279.6093197318,5.819057370210644,Low
2000,Peaty,Dry,2528.777171318595,209.45066651266634,Positive,Organic,Drip,No,457,Early,488209.30058330105,6.699145208669642,Medium
2011,Silty,Tropical,1009.5712062833986,498.84980006308444,Neutral,Inorganic,Flood,No,174,Late,275848.4185069312,6.710126455534739,Medium
2021,Loamy,Temperate,4931.785395330506,270.47252089438916,Positive,Organic,Flood,Yes,454,Mid,294587.0482482776,5.492490473689534,High
2011,Peaty,Humid,4275.041389006703,280.5548097318702,Positive,Organic,Drip,Yes,683,Late,660188.5028398115,7.766767946632122,Low
2016,Loamy,Tropical,1060.9820654147009,165.44952847666767,Neutral,Organic,Sprinkler,Yes,870,Mid,968851.9583828932,4.669428128947124,Medium
2009,Clayey,Humid,4643.788471778175,417.9238194999717,Negative,Organic,Flood,No,287,Mid,607600.8285537814,6.001437784862242,Medium
2015,Sandy,Dry,4414.533629279577,377.47289031259544,Positive,Inorganic,Drip,No,784,Early,86209.67239431661,6.763535906203291,Medium
2014,Clayey,Dry,2834.7712570673243,188.30784511550416,Neutral,Inorganic,Flood,No,389,Early,84827.7777155263,6.7885432235672365,High
2014,Peaty,Tropical,3160.7394608521818,132.95241824633706,Positive,Organic,Sprinkler,Yes,144,Late,951908.9886371103,6.594555827075262,Medium
2018,Loamy,Tropical,2295.512167415586,372.1997208298852,Positive,Inorganic,Drip,No,672,Early,304317.8824042603,5.101152853807441,Medium
2011,Loamy,Humid,746.427374699141,361.8044857124541,Negative,Organic,Flood,Yes,182,Early,101146.31622165068,4.624826274746487,Low
2022,Silty,Temperate,2008.387587406554,209.30381079928372,Positive,Organic,Sprinkler,Yes,222,Late,603054.1412788777,6.543761307306843,Low
2019,Loamy,Humid,4112.840518691051,480.3454249001641,Neutral,Organic,Flood,Yes,457,Early,627412.2905073634,6.397208464557751,Medium
2002,Silty,Tropical,520.8441035207129,160.42315671236008,Positive,Organic,Sprinkler,No,627,Mid,652019.7719175012,4.7174240411569635,Medium
2004,Sandy,Humid,2000.7462726101487,272.9339204170408,Negative,Inorganic,Sprinkler,Yes,165,Late,274728.0075789659,6.820556582282253,Low
2018,Peaty,Tropical,2291.759121159245,477.44636806703954,Negative,Organic,Drip,No,756,Late,24959.577372330285,5.820687966934626,High
2006,Silty,Humid,2918.280213220653,267.8909267704489,Neutral,Organic,Sprinkler,No,474,Mid,965365.2157599272,6.671042366412612,High
2020,Sandy,Tropical,4639.3502738574225,355.41037906563423,Negative,Inorganic,Flood,Yes,261,Early,258384.11523419147,7.349468319080603,High
2008,Loamy,Tropical,2058.5569746468254,259.0377591851177,Positive,Organic,Sprinkler,Yes,845,Late,679266.025172022,4.678913714307693,High
2006,Loamy,Tropical,2061.2894085330245,209.686080939468,Negative,Organic,Sprinkler,No,479,Late,709563.5711799224,4.076579471987347,High
2017,Sandy,Temperate,3818.755616493868,493.5910591839313,Neutral,Organic,Drip,Yes,755,Mid,613907.3429086908,7.116410345583147,High
2003,Loamy,Humid,2534.9807340041325,263.7336025260172,Negative,Inorganic,Sprinkler,No,457,Mid,319778.32027151174,6.438789700610464,High
2013,Sandy,Humid,1510.7217032299188,457.6396814716538,Negative,Organic,Sprinkler,Yes,287,Early,278385.2912264251,6.798558278488487,High
2017,Silty,Humid,2535.9778225971204,191.98184235643447,Negative,Inorganic,Flood,No,421,Late,601691.5998756761,7.35261989995457,Low
2008,Silty,Tropical,1133.8565917090993,185.24188161003332,Neutral,Organic,Drip,No,549,Early,867434.6772755746,7.211243739298002,High
2020,Sandy,Humid,1293.741439278005,112.45363315380455,Negative,Organic,Drip,No,573,Early,947266.3916341616,7.843680587715299,High
2001,Silty,Humid,2742.654977327659,360.666730150354,Negative,Inorganic,Drip,No,112,Mid,114846.74635972005,6.143740315408473,High
2019,Silty,Tropical,2385.1645227704657,247.41053748950446,Positive,Organic,Sprinkler,Yes,283,Late,163280.32647174265,5.953982530639621,Medium
2014,Silty,Dry,4616.806554806451,445.7432999358548,Neutral,Organic,Drip,Yes,210,Late,945288.8961952488,5.60754879956292,Low
2006,Clayey,Tropical,2130.772546024849,289.2839626766229,Negative,Inorganic,Sprinkler,No,607,Late,739169.8760514447,4.614764171376818,Low
2011,Peaty,Humid,3112.6475762511955,487.27737116588867,Neutral,Inorganic,Sprinkler,No,389,Mid,884163.8865814754,6.29042893152809,Low
2007,Loamy,Tropical,3345.1892956378865,174.21020628124847,Negative,Inorganic,Flood,Yes,394,Mid,210606.30779398972,5.108050097303915,High
2014,Clayey,Dry,558.9250546475014,447.44926718224434,Negative,Inorganic,Flood,Yes,550,Mid,591710.0123983078,7.685230048851902,High
2002,Silty,Tropical,3485.918174075198,410.6387411166967,Negative,Inorganic,Flood,Yes,314,Mid,704128.1984732989,6.33276321710839,Medium
2013,Sandy,Humid,1301.1618509138814,408.3687378576208,Positive,Organic,Flood,Yes,731,Mid,683310.766592503,6.37136072203244,Low
2016,Silty,Dry,4824.816428612548,437.9132912467551,Positive,Inorganic,Flood,Yes,993,Late,414070.1739580311,5.41969864350804,High
2003,Peaty,Temperate,1168.9822748890083,404.40959637719953,Positive,Organic,Sprinkler,Yes,666,Early,25240.942774395393,4.20795740791083,Low
2017,Silty,Humid,2365.808556771607,350.48812865256616,Neutral,Organic,Sprinkler,No,126,Late,587096.7962362205,4.1269750614919545,Medium
2007,Sandy,Dry,884.0735063538973,152.49795107295503,Neutral,Organic,Drip,Yes,729,Early,260570.52378781268,5.6933405766127905,Medium
2003,Peaty,Dry,4985.934133306763,113.01047179650077,Positive,Inorganic,Sprinkler,Yes,832,Mid,455751.70368146145,4.338261512388952,Medium
2001,Silty,Temperate,2759.8775464905916,468.33913912627474,Neutral,Inorganic,Sprinkler,No,330,Early,958005.2049329792,6.427387822160556,Low
2005,Peaty,Tropical,3179.232577940197,346.6601258082952,Negative,Organic,Flood,Yes,664,Late,405044.9644660104,7.52389202255863,High
2021,Loamy,Tropical,801.8441482479236,418.6149163904705,Negative,Inorganic,Sprinkler,Yes,906,Late,841403.5905977824,7.531659266074889,High
2009,Loamy,Humid,3874.8221167963,292.60894060502005,Negative,Inorganic,Flood,Yes,420,Early,196655.1996917586,6.63618164052893,Medium
2003,Silty,Temperate,1444.575168930136,146.9232755849578,Positive,Inorganic,Drip,Yes,332,Mid,675735.8930447785,4.8449273258917245,High
2021,Peaty,Tropical,4541.244302483212,150.07431688102017,Neutral,Inorganic,Drip,Yes,769,Mid,977236.884894554,7.451987325435488,Medium
2017,Sandy,Temperate,1423.1283821690322,374.22611489158857,Positive,Organic,Sprinkler,No,536,Late,110874.16986420742,7.544373741252833,Low
2011,Silty,Tropical,1358.0947429864996,272.12235795978506,Neutral,Organic,Drip,Yes,880,Early,18236.74280492009,4.786614339811835,Medium
2001,Loamy,Dry,664.473505316427,180.2098906801347,Negative,Inorganic,Sprinkler,No,632,Mid,439246.9647062882,6.9497043430827095,Low
2009,Loamy,Tropical,2624.3012529949965,296.63781869657475,Positive,Organic,Drip,No,502,Mid,101699.22822085352,5.146078195708492,Medium
2003,Silty,Temperate,3041.7850996817738,125.68357483005363,Neutral,Inorganic,Flood,Yes,152,Late,750900.506179469,7.210561249411718,High
2013,Peaty,Dry,795.6888774275856,332.7885607657595,Neutral,Inorganic,Flood,No,886,Mid,915403.1772100733,7.988951599614411,High
2015,Loamy,Dry,3989.8742751275477,207.5973617740391,Negative,Organic,Flood,Yes,412,Early,439680.76298167126,4.120104021317571,Medium
2014,Peaty,Dry,2539.7997563661243,419.02364025487526,Positive,Organic,Flood,No,380,Late,266124.5257338865,7.589463463163728,High
2007,Loamy,Temperate,2859.75621197411,224.1447835694295,Positive,Organic,Sprinkler,No,825,Late,440059.2858165437,6.490522134394633,High
2013,Loamy,Humid,2483.432361222027,282.0880596327205,Positive,Inorganic,Drip,Yes,130,Early,726213.339671501,7.893530476659285,High
2022,Clayey,Humid,2303.4337739389666,104.64821596324026,Negative,Organic,Sprinkler,Yes,436,Late,18963.619964567268,5.860038070105711,Low
2007,Loamy,Humid,3018.3814908869804,128.97875511782354,Positive,Inorganic,Flood,Yes,282,Mid,593559.4495898503,7.3895517222854945,High
2020,Sandy,Temperate,1198.5811066882063,256.99742256267393,Negative,Organic,Sprinkler,Yes,122,Mid,617158.7680385052,4.2495762743931085,Low
2015,Silty,Dry,1318.67658722872,291.9755338868494,Negative,Organic,Drip,Yes,643,Early,641311.3644269762,5.3411162003131825,Medium
2012,Silty,Humid,4378.035294560828,340.0082192477215,Negative,Inorganic,Sprinkler,No,545,Mid,249601.85918106843,4.26806615100484,High
2017,Peaty,Temperate,4757.519579601348,216.6650314837213,Neutral,Inorganic,Drip,No,173,Early,716912.1961443454,7.901372533916282,High
2014,Loamy,Humid,2179.8919232588883,377.99275445061704,Positive,Inorganic,Sprinkler,No,109,Early,100477.57146845864,7.267895629087347,High
2020,Sandy,Tropical,1718.351029145992,444.0489588756818,Positive,Inorganic,Drip,No,583,Mid,207277.6331021328,7.410189684983882,Medium
2023,Peaty,Humid,3397.9979445755707,411.9403955573399,Negative,Inorganic,Drip,No,555,Early,878695.3461879371,7.751860925735577,Low
2012,Clayey,Humid,2339.3037699414335,115.84753013934287,Negative,Inorganic,Flood,No,665,Mid,741335.9192193007,4.340413944479142,Low
2008,Peaty,Dry,614.2386004715519,292.2027789031316,Positive,Inorganic,Drip,No,663,Late,23608.0984712318,5.542390370053333,High
2014,Peaty,Temperate,1202.6866881478568,141.97207136726996,Negative,Inorganic,Flood,Yes,759,Late,255892.4977661022,4.284139556176008,Medium
2012,Loamy,Dry,3721.875029813289,196.81800634501099,Positive,Organic,Flood,Yes,259,Early,222262.4181632329,4.8431724062001145,Medium
2000,Clayey,Dry,3465.157738595681,494.6650373068586,Neutral,Inorganic,Flood,No,981,Mid,278098.2647566029,4.91746310815069,Medium
2006,Peaty,Dry,621.9319662656757,156.9982171606053,Negative,Inorganic,Sprinkler,No,113,Mid,255084.17257708753,5.876428844190315,Medium
2008,Sandy,Dry,1498.8747286982725,299.55526138054245,Positive,Organic,Sprinkler,Yes,277,Late,71901.03278541728,5.074248669814571,Medium
2023,Sandy,Dry,1539.8365846463212,347.26229372724765,Negative,Inorganic,Sprinkler,Yes,511,Late,464351.11143085215,4.403912427271044,Low
2000,Silty,Humid,3523.5173461942777,380.9859882176416,Positive,Organic,Sprinkler,Yes,977,Mid,735406.1400383034,4.669964356376431,Low
2011,Clayey,Dry,588.6974198946386,323.85947339476564,Positive,Organic,Drip,Yes,152,Early,610664.407470262,4.589102254208363,Low
2007,Clayey,Dry,968.4886189305823,103.90833896767346,Negative,Inorganic,Drip,No,507,Late,676142.951912099,7.892307191649193,High
2023,Silty,Temperate,4099.622384179353,230.58452329759675,Neutral,Organic,Sprinkler,Yes,946,Early,90337.68675087676,7.037170027673895,Medium
2010,Peaty,Tropical,1303.4509792445012,307.0846573538846,Positive,Inorganic,Drip,No,121,Early,951975.8030750194,7.871045861078247,High
2018,Clayey,Humid,3437.357485333436,135.14659965793334,Positive,Organic,Drip,No,129,Late,840106.9155045946,5.758961946031635,Medium
2016,Sandy,Humid,1571.8225147102694,240.2507724836723,Positive,Organic,Flood,No,802,Early,807039.4153107061,5.113473926650626,Low
2007,Sandy,Humid,947.4862674170532,113.28124351654662,Neutral,Organic,Flood,Yes,359,Early,824753.9669913498,7.193172788836747,High
2002,Loamy,Dry,1594.2748594975433,131.4313988620083,Neutral,Inorganic,Flood,Yes,304,Mid,933383.4030514337,5.305015672164587,Low
2002,Clayey,Dry,3750.2011933504664,258.7693104806384,Negative,Inorganic,Flood,No,158,Early,548811.4264525607,5.197533494821393,Medium
2000,Peaty,Dry,4350.634106478286,153.08630161722414,Neutral,Organic,Drip,No,570,Mid,208279.19768894964,4.930023968831325,Medium
2004,Silty,Temperate,4235.989390551462,327.0163393046233,Negative,Organic,Sprinkler,No,875,Late,620615.7717740157,4.518715912896941,Medium
2009,Silty,Tropical,2287.325883283047,375.7859876549063,Negative,Inorganic,Drip,Yes,565,Late,745452.6787312595,5.025852244067064,Low
2006,Peaty,Dry,3506.383114567908,420.23467964363317,Neutral,Inorganic,Drip,No,111,Mid,740538.2194204852,5.421278993895551,Medium
2008,Loamy,Tropical,1422.4293293711944,180.06009769792405,Negative,Organic,Drip,Yes,730,Late,526234.5339252113,6.695976832582922,Low
2006,Silty,Temperate,1819.1647861745596,166.99303290362792,Neutral,Organic,Flood,No,389,Early,77774.13214024228,4.250259368877806,High
2008,Clayey,Humid,4533.511183345039,141.8271361337601,Negative,Inorganic,Flood,No,949,Early,377401.80904582655,4.842027758661372,Medium
2007,Loamy,Dry,558.5086557983121,354.57209981745467,Neutral,Inorganic,Flood,No,859,Early,921558.9423787238,7.236094561166706,Medium
2011,Clayey,Tropical,884.7883888451063,382.59029059476046,Neutral,Inorganic,Sprinkler,Yes,453,Late,588604.4206598517,4.587687694335083,Medium
2001,Sandy,Tropical,1435.4881481571229,112.63445793025681,Negative,Inorganic,Drip,Yes,738,Early,542948.6238231563,5.370580586090086,High
2000,Loamy,Dry,619.3949174321888,474.4848984974759,Positive,Inorganic,Sprinkler,No,174,Late,276164.9792383716,7.45863568743256,Medium
2015,Silty,Humid,1316.459457904088,120.78851346058897,Negative,Organic,Flood,Yes,972,Early,374764.43071741314,4.61970124457377,Low
2022,Loamy,Humid,3123.687024363615,316.51853412042817,Neutral,Inorganic,Sprinkler,No,815,Mid,896392.6282616375,4.33094734247276,Low
2022,Loamy,Humid,2396.4104776662407,383.6242077803666,Positive,Organic,Drip,Yes,660,Late,669798.4170515673,5.938151980320043,Medium
2023,Loamy,Temperate,4517.022699846387,448.38764949843426,Negative,Inorganic,Drip,Yes,690,Late,789513.1564848095,5.209678045114146,Medium
2004,Loamy,Tropical,4178.496027822985,385.63477285297114,Negative,Organic,Flood,Yes,540,Early,459801.9688369786,6.2536334579354165,High
2002,Clayey,Tropical,2038.178082640442,420.6912332279167,Negative,Inorganic,Flood,No,340,Late,633944.7472615964,7.215219561933901,High
2011,Sandy,Tropical,1667.4054504408161,235.78007701712244,Positive,Inorganic,Sprinkler,Yes,960,Late,255899.77265577545,4.548593952610973,High
2007,Peaty,Temperate,2208.6158367527014,425.9300454986049,Neutral,Organic,Flood,Yes,253,Mid,708406.2219806514,6.32279633821714,Medium
2021,Loamy,Tropical,3156.3272413166346,132.04593855387006,Negative,Organic,Flood,No,885,Mid,433325.32036630396,6.022035041559455,High
2002,Silty,Temperate,1706.286383702943,457.92666242421103,Negative,Inorganic,Drip,No,195,Early,448120.0596665981,4.576315144052798,High
2000,Loamy,Humid,3308.670085321103,319.0369504614945,Negative,Inorganic,Flood,No,825,Mid,652829.1013311128,6.49599394211593,Low
2002,Silty,Dry,2342.352434860582,426.9191079849975,Negative,Inorganic,Flood,No,393,Early,936917.8152542374,5.094561671443087,High
2004,Clayey,Tropical,2984.212313833911,280.92731380732005,Negative,Inorganic,Drip,Yes,308,Early,73366.28314253471,5.9513372741760495,Low
2014,Silty,Tropical,2462.569381108925,357.43107807860997,Neutral,Inorganic,Drip,Yes,442,Early,826495.8049735376,4.329089297108247,Low
2013,Peaty,Humid,1825.0959179386296,310.5610643744453,Neutral,Organic,Sprinkler,Yes,187,Late,299459.2793080712,5.838336228854493,High
2002,Sandy,Dry,4768.039881329705,392.63580870213275,Negative,Organic,Flood,Yes,917,Mid,449480.25996131403,5.225853872171282,Low
2000,Silty,Temperate,3936.2260737189235,132.65199281223585,Positive,Inorganic,Drip,Yes,875,Early,31694.195487258865,7.289524844741417,Medium
2004,Silty,Dry,1130.5092909490363,124.14083359622552,Neutral,Organic,Sprinkler,No,489,Mid,308035.6170559699,4.227914907989473,Medium
2022,Sandy,Humid,4408.105891540607,198.8412936040586,Positive,Organic,Sprinkler,Yes,424,Early,507604.9302038292,5.67442909967332,High
2013,Peaty,Humid,2693.4403921228113,163.81787204527535,Neutral,Organic,Flood,Yes,988,Mid,65614.31657396462,5.833725696525752,Medium
2006,Loamy,Dry,4525.485021023411,448.7134266368807,Negative,Inorganic,Flood,Yes,931,Mid,496184.7720893335,6.9000243051964745,Low
2008,Silty,Temperate,4099.348651762919,187.68559494321772,Neutral,Organic,Sprinkler,No,256,Early,927839.5225698431,6.297150300360844,Medium
2014,Sandy,Temperate,2413.4607701115506,490.34610232765255,Negative,Inorganic,Drip,No,767,Late,114339.28592672717,6.668849348776725,High
2014,Clayey,Tropical,601.1118874405283,234.75831670844275,Neutral,Organic,Sprinkler,Yes,750,Mid,766796.3207947493,7.1081971426070245,High
2009,Sandy,Temperate,1709.0481172322573,172.8471662754797,Negative,Inorganic,Flood,No,732,Late,415574.3428422327,7.448811894632755,Low
2012,Clayey,Dry,2937.3539659739013,415.87940285699165,Negative,Organic,Drip,No,676,Late,658621.9773790947,5.2555019868898825,High
2018,Peaty,Humid,3350.6519892176625,363.48311020035044,Negative,Inorganic,Drip,No,718,Early,267634.23200537707,6.152090821455612,Medium
2006,Loamy,Tropical,1660.4945844494102,299.2782865812556,Negative,Inorganic,Sprinkler,No,758,Early,167897.3399159447,7.3604323137567995,High
2016,Sandy,Tropical,1127.1023333277085,322.1454203750525,Positive,Organic,Flood,No,236,Early,168857.98812851417,7.957804523860226,Low
2019,Silty,Humid,4257.186065596847,387.68071130890553,Negative,Inorganic,Sprinkler,No,773,Mid,79787.0261867132,7.5580772441750526,High
2003,Peaty,Temperate,4929.809813165984,191.38189653251948,Positive,Inorganic,Sprinkler,No,527,Early,193790.23785223058,5.485869050497508,Medium
2004,Sandy,Humid,2865.6058203620864,498.53356642269677,Positive,Inorganic,Sprinkler,Yes,551,Early,667577.1911390786,4.780666068874602,Low
2022,Silty,Temperate,1272.5567863173658,489.9172648587132,Negative,Inorganic,Drip,Yes,711,Mid,882873.705725073,5.9575701496263544,Medium
2006,Sandy,Humid,1725.3829693371604,360.13027453877476,Positive,Inorganic,Drip,No,949,Mid,815984.4287352503,6.966565807344169,Low
2012,Clayey,Dry,582.7580444636003,179.81698037165805,Neutral,Inorganic,Flood,Yes,918,Early,688282.9667757392,5.97027628301319,High
2014,Sandy,Temperate,4614.344629522246,372.09129697251655,Negative,Inorganic,Flood,Yes,240,Early,119327.54477699165,5.932723453254674,Low
2010,Sandy,Dry,1029.879873005635,128.87936359167034,Positive,Inorganic,Sprinkler,No,182,Early,296295.57183299033,7.352921684327202,Low
2003,Sandy,Tropical,3094.324139814141,112.26100088232242,Negative,Organic,Sprinkler,Yes,276,Early,316708.8065692443,5.445615116268746,High
2012,Peaty,Humid,1733.248493092427,203.07315540448548,Negative,Organic,Sprinkler,No,297,Late,257457.37693364502,7.4391786992465825,Medium
2006,Sandy,Tropical,2993.8010113210703,285.04918269572653,Negative,Inorganic,Flood,No,723,Late,519855.6031126259,5.627219203806894,High
2018,Silty,Tropical,3431.391747583389,447.3090021633522,Positive,Inorganic,Drip,No,667,Early,540198.2767308758,5.312932422713358,Low
2021,Clayey,Tropical,4233.838116682407,390.8676279065232,Neutral,Organic,Drip,Yes,790,Late,363317.1154193991,5.815959644798796,High
2001,Clayey,Tropical,1428.8957229227144,397.0826084799924,Neutral,Organic,Sprinkler,Yes,520,Mid,360251.2671490717,7.049787834699474,Low
2009,Sandy,Humid,549.4812289631622,270.1973337792301,Positive,Organic,Sprinkler,Yes,500,Late,830270.0419270205,4.504008111455978,High
2012,Peaty,Tropical,1115.9853353096328,238.37399701878516,Negative,Inorganic,Sprinkler,Yes,797,Late,791399.9198364888,4.785676863488069,High
2020,Peaty,Humid,4550.083888316472,248.41550519384108,Positive,Organic,Sprinkler,No,570,Early,314717.8733639382,7.805779302652368,Medium
2005,Silty,Humid,4432.5053490313185,495.05982549442314,Positive,Inorganic,Flood,No,317,Late,914650.5594345267,4.7019665095254295,Low
2011,Sandy,Dry,3188.358959766387,116.04367656499299,Positive,Inorganic,Drip,Yes,927,Late,953286.866832481,6.270909271724218,Medium
2011,Clayey,Temperate,3202.32587195144,446.81259844897943,Negative,Organic,Sprinkler,No,828,Late,333475.1166097404,6.3172578666477515,Low
2019,Peaty,Temperate,3492.6650354581498,331.47016342895733,Positive,Inorganic,Flood,No,731,Late,360880.6993051243,5.958497848200979,High
2010,Sandy,Humid,1289.1707538055232,275.4461676758362,Negative,Inorganic,Sprinkler,Yes,274,Mid,510577.8118877392,6.578980994307274,Low
2022,Peaty,Dry,4614.853756662319,390.1030641660546,Positive,Inorganic,Sprinkler,No,122,Early,941709.6044083368,4.919306903190474,Medium
2006,Peaty,Humid,2384.467362014329,294.66757656988113,Neutral,Inorganic,Drip,Yes,824,Early,877556.2388108884,6.210649071106992,Medium
2000,Clayey,Humid,2224.1233771227385,449.36929523266423,Positive,Organic,Sprinkler,No,334,Mid,111542.28295775391,5.488693020987588,Medium
2000,Loamy,Humid,2835.129673772769,460.2807456045034,Positive,Organic,Drip,Yes,112,Late,398803.4358387021,6.646669038516756,Low
2019,Silty,Dry,711.3468504877477,268.68837074938216,Neutral,Inorganic,Drip,No,200,Mid,557837.4778522741,4.564894173492598,Medium
2012,Silty,Temperate,1248.2751594023573,210.73111889402063,Negative,Inorganic,Drip,No,635,Late,508101.1478260246,6.2835096673579045,Medium
2008,Clayey,Dry,3821.151273918667,336.9401314373449,Negative,Organic,Flood,Yes,975,Mid,201924.43725752374,4.741081421533295,Medium
2002,Peaty,Tropical,872.5940056630691,464.9453382466764,Positive,Inorganic,Flood,Yes,622,Early,860228.6034564731,5.114572252460146,High
2006,Sandy,Dry,3214.184492598747,184.2648756022666,Neutral,Organic,Drip,Yes,884,Early,680171.375166869,4.874839201294333,High
2005,Peaty,Dry,1604.0709935659443,349.1866334253931,Negative,Inorganic,Sprinkler,Yes,551,Early,839529.2911032855,4.731351119475269,Low
2007,Clayey,Dry,2251.8302631888946,352.6240880370082,Positive,Inorganic,Drip,No,530,Late,860176.6365559775,7.302843806242668,Low
2008,Silty,Dry,1799.1218154681494,393.2452089661124,Neutral,Organic,Sprinkler,No,892,Late,750872.2951290824,5.142830270643561,Medium
2004,Peaty,Temperate,2100.5272240922714,152.62707405090393,Negative,Organic,Drip,Yes,705,Mid,444818.49523722014,7.708495127457797,High
2000,Silty,Tropical,3735.7065733291047,386.32998587283544,Negative,Organic,Sprinkler,No,812,Mid,614441.2874652703,7.879706101380764,Medium
2018,Sandy,Temperate,1837.0477203042876,463.6130082662564,Neutral,Organic,Flood,Yes,632,Early,168761.7520585457,6.285041879748389,Medium
2009,Silty,Temperate,3048.8208813360375,171.87324354809678,Neutral,Inorganic,Sprinkler,Yes,951,Late,676908.9633001586,4.572004490662906,High
2011,Silty,Dry,2642.2268098959485,195.01732996955104,Neutral,Organic,Drip,No,822,Mid,187460.72318188794,5.498192973518325,High
2023,Loamy,Humid,3486.5202441319166,488.55803761665584,Neutral,Inorganic,Flood,No,751,Late,697010.0946050553,7.190929053392856,High
2014,Loamy,Humid,4715.733826961411,172.3907810837959,Positive,Organic,Sprinkler,Yes,392,Late,237302.17914642897,5.469562914788282,Low
2021,Loamy,Temperate,3796.5744374461265,441.7540373478316,Neutral,Organic,Sprinkler,Yes,909,Early,126375.78714871778,4.3480688732111545,Low
2023,Silty,Temperate,1467.2317036584054,296.9111425792139,Negative,Inorganic,Sprinkler,Yes,200,Early,173631.64524152785,6.227139643712752,Medium
2008,Clayey,Dry,640.324107775781,198.89242976127082,Negative,Organic,Sprinkler,No,601,Late,11972.213866879565,7.380483405984139,Low
2019,Silty,Temperate,1680.188199349213,448.29996050900456,Positive,Organic,Sprinkler,No,403,Late,721552.2216749949,7.183705548574009,High
2016,Clayey,Dry,3177.8506881511466,278.1221020010662,Negative,Organic,Flood,No,970,Late,735077.0385677953,4.700492560521413,High
2016,Clayey,Humid,731.4161606791265,305.9269415718761,Negative,Organic,Flood,No,639,Late,519784.01641412685,6.691058457649866,Low
2019,Loamy,Humid,2733.6481124055636,243.6933477599063,Neutral,Inorganic,Flood,Yes,652,Early,169749.17304482986,4.882017053742588,Medium
2011,Peaty,Tropical,3185.7928201260015,337.18034057397097,Negative,Inorganic,Flood,Yes,454,Mid,92718.79413558285,4.872830138208689,Medium
2006,Sandy,Humid,2004.0975086763237,165.4095490340091,Positive,Organic,Drip,Yes,402,Early,28937.67677291414,7.49628709322074,Low
2001,Loamy,Temperate,3969.1049168561985,256.4326146607043,Neutral,Organic,Flood,Yes,595,Mid,174090.6951955685,4.99867581096092,Medium
2002,Loamy,Humid,979.6921391019731,487.764928934115,Neutral,Organic,Sprinkler,Yes,757,Late,891946.9796333152,5.052989386072045,Medium
2016,Peaty,Dry,838.1200178111394,203.253373080451,Positive,Inorganic,Sprinkler,Yes,867,Mid,249121.47328466494,4.002613563045198,Medium
2004,Sandy,Humid,3776.8494029162152,362.6946658165169,Neutral,Inorganic,Flood,No,326,Early,360728.61394504353,7.482676136502071,High
2016,Silty,Tropical,2729.710922927893,230.07602568987795,Neutral,Inorganic,Sprinkler,No,335,Early,114292.02963651986,7.170379252836539,High
2023,Silty,Humid,3597.8107839248123,409.38925027464023,Positive,Inorganic,Flood,Yes,972,Late,230137.6917006886,6.509315740362712,Low
2016,Loamy,Dry,2456.723023716858,152.3494642873399,Neutral,Organic,Sprinkler,Yes,991,Early,524032.32507240307,7.001063055755369,High
2016,Sandy,Dry,1608.8091495759807,487.9284180314179,Positive,Organic,Drip,No,554,Late,611675.156264696,4.608194269697967,Medium
2001,Loamy,Temperate,4185.960429533899,281.5158165534557,Positive,Organic,Drip,No,112,Early,252898.79102454896,5.833294378350302,High
2001,Clayey,Humid,4097.371455360407,194.42018533858558,Negative,Inorganic,Flood,No,309,Early,67154.83763286604,5.404877549395124,Low
2021,Loamy,Dry,3626.1341188449205,129.39869893200506,Negative,Organic,Flood,No,840,Late,397122.54043612466,4.375106105028066,High
2022,Loamy,Tropical,1724.653117534832,167.9031620350163,Neutral,Inorganic,Flood,Yes,496,Mid,241861.3372170708,5.944521940859696,Medium
2004,Silty,Temperate,3156.038000910892,307.9095794224071,Neutral,Inorganic,Sprinkler,Yes,199,Early,227358.38399750393,7.682958601370542,Medium
2000,Silty,Tropical,2124.3825362301204,234.8012705725145,Positive,Organic,Flood,Yes,130,Mid,960264.1746863207,4.160236476202778,Low
2000,Silty,Humid,912.1193299698537,431.55334635304376,Neutral,Organic,Drip,Yes,997,Early,620137.4810664668,5.165843653975175,High
2018,Clayey,Humid,4627.911089580092,272.35500946472234,Positive,Organic,Sprinkler,Yes,627,Early,561309.658740375,4.830163744822814,High
2001,Silty,Humid,1115.6838391353263,199.48570903505197,Positive,Inorganic,Flood,No,748,Early,421617.3524880887,4.952586614662785,High
2020,Sandy,Temperate,4776.068092193611,346.857994641612,Neutral,Inorganic,Sprinkler,Yes,428,Early,434654.8900958428,7.633738207517501,Medium
2011,Peaty,Dry,2507.025978310801,382.7108867541783,Positive,Organic,Sprinkler,No,265,Mid,545495.9537997,5.872276216937161,Low
2005,Sandy,Temperate,1333.0981797737884,166.81676316037994,Negative,Organic,Flood,Yes,558,Mid,699465.5089657462,5.865197651759275,High
2022,Sandy,Tropical,2938.5542632026118,167.04768651532706,Neutral,Inorganic,Sprinkler,Yes,921,Early,705124.6352200111,7.042302569821129,Medium
2003,Silty,Temperate,4428.2562614438375,114.66857077341719,Negative,Organic,Drip,Yes,199,Early,179976.96862839506,4.617968816019703,Medium
2022,Peaty,Tropical,3795.0119888430254,394.5608060262562,Neutral,Inorganic,Drip,Yes,720,Mid,505111.6245558607,5.949061416400204,Medium
2010,Peaty,Temperate,4129.525165376524,365.52181104872204,Positive,Inorganic,Sprinkler,Yes,954,Late,417838.51408376097,5.719940856484239,High
2023,Peaty,Dry,3464.525150198228,289.85235029992555,Neutral,Organic,Flood,No,272,Late,871821.6966066903,6.3876427621866245,High
2016,Clayey,Tropical,3615.244540330336,437.6681795876789,Negative,Organic,Sprinkler,No,848,Mid,635104.7320061927,7.998230813001754,High
2005,Silty,Humid,4321.380432043937,422.2680611800213,Positive,Organic,Drip,No,261,Early,537179.0257518219,7.077795576328189,High
2023,Peaty,Humid,1623.5060398663368,334.14174575870084,Neutral,Organic,Sprinkler,Yes,827,Early,124240.6957571282,5.591462812069709,High
2004,Clayey,Temperate,2702.412336394132,447.30851220530343,Neutral,Inorganic,Sprinkler,Yes,875,Late,609581.5104301773,7.310212209096187,High
2019,Loamy,Humid,1495.44248818821,182.3364840147073,Neutral,Inorganic,Drip,No,362,Late,126031.8666234311,4.682833453249921,High
2001,Loamy,Tropical,4944.506035984911,144.76784775909115,Negative,Inorganic,Sprinkler,Yes,903,Mid,343834.50981009455,4.12185474523584,High
2005,Clayey,Humid,4748.267028589759,207.89984460679585,Negative,Organic,Sprinkler,Yes,373,Late,151413.54516618856,4.817793489857092,High
2021,Clayey,Dry,677.4206511582765,122.83474243572594,Neutral,Inorganic,Flood,No,102,Mid,695152.9105541252,5.361646224457038,Medium
2010,Silty,Dry,3675.088276320598,312.4678112004128,Positive,Organic,Flood,Yes,127,Late,214189.5926977911,6.04232302983824,High
2015,Silty,Temperate,4663.617428370496,474.6422769179846,Positive,Organic,Drip,No,425,Late,397940.7794561457,6.460516562164799,Low
2015,Loamy,Tropical,1312.5890530730007,115.73741626740386,Negative,Organic,Drip,Yes,248,Late,896718.0298425909,7.642422868857687,Medium
2000,Peaty,Dry,3055.7535374868326,148.84396560401072,Positive,Organic,Drip,No,639,Early,212273.2195649806,6.03941603820183,High
2008,Loamy,Dry,4619.697339146188,280.8796113133741,Negative,Organic,Flood,Yes,587,Early,512727.01331919135,6.0051025785029175,Low
2005,Peaty,Tropical,652.7569036360948,473.55000701116194,Neutral,Organic,Drip,Yes,921,Early,425078.94455436175,4.200972039291928,High
2015,Peaty,Humid,3638.3912026107796,226.4624419907002,Negative,Inorganic,Drip,No,537,Late,27942.800635272437,4.139646210624895,Low
2002,Silty,Humid,1838.0705331764784,302.893923475357,Negative,Organic,Drip,Yes,164,Mid,794830.5324370847,6.204639847665488,Low
2019,Sandy,Temperate,4659.782879194387,116.62914362015684,Neutral,Inorganic,Flood,Yes,455,Mid,78355.44725145373,5.752714452993378,Low
2003,Sandy,Humid,4869.762103244155,159.33728038483554,Positive,Inorganic,Sprinkler,No,632,Mid,479512.47076718404,7.356721579921194,Low
2018,Clayey,Tropical,4749.199201010452,494.65204918353874,Negative,Organic,Drip,Yes,351,Mid,565071.5119895604,4.642718338847381,Medium
2002,Silty,Dry,2633.963974958587,486.0474785744182,Negative,Organic,Sprinkler,No,334,Early,632142.1920484412,4.099886648468198,Medium
2018,Peaty,Humid,4379.19192945191,101.97599237376384,Neutral,Organic,Drip,Yes,326,Early,691745.3130147968,5.796155071720504,Low
2019,Sandy,Temperate,4300.472293407816,480.72471416929557,Positive,Inorganic,Sprinkler,Yes,624,Late,260739.65968748793,4.94991422700903,High
2006,Peaty,Humid,1935.9521295946504,355.64797512620015,Negative,Organic,Flood,Yes,412,Late,19878.98889186488,4.19845749335535,Low
2019,Sandy,Tropical,4230.119633678049,447.1673178080089,Neutral,Inorganic,Flood,Yes,148,Mid,726209.2257313628,6.898393147390516,Medium
2008,Sandy,Temperate,666.5343562197168,281.89594225354364,Negative,Organic,Drip,No,217,Early,540300.0333541028,4.44637199982899,High
2000,Sandy,Humid,3183.214453169239,306.2384114317001,Neutral,Organic,Sprinkler,Yes,153,Mid,837756.5261751763,6.433278000031087,Medium
2007,Silty,Temperate,1535.0397677946637,295.5386321027681,Positive,Inorganic,Flood,No,749,Late,823174.4792716873,5.124199000667557,Medium
2006,Loamy,Tropical,1042.5509859977547,366.74570301844176,Positive,Inorganic,Drip,Yes,664,Late,844892.9061100043,4.693984201420088,High
2017,Peaty,Dry,846.2894073314412,155.86050190252516,Positive,Organic,Drip,Yes,143,Mid,490243.71337974473,5.519006091677269,Low
2007,Silty,Tropical,3633.299491451629,111.98943594907118,Positive,Inorganic,Flood,Yes,914,Late,340292.111878497,7.205783104891815,Low
2000,Silty,Tropical,2029.4373369562977,223.17197663647636,Negative,Inorganic,Flood,Yes,152,Mid,793642.6205654563,5.56837430761829,Low
2010,Silty,Tropical,3761.4504718794265,381.87230509465866,Negative,Inorganic,Drip,No,685,Early,456781.1718989624,7.003078596844222,Low
2017,Silty,Tropical,794.1035335952406,180.74138084917934,Positive,Inorganic,Sprinkler,No,657,Mid,191607.77443940018,4.501945187196602,High
2022,Silty,Dry,1918.8065202377466,369.37297332996695,Positive,Inorganic,Sprinkler,No,624,Early,856424.2793658596,7.091085678660317,High
2009,Clayey,Dry,2927.7108156890176,487.96481844290815,Positive,Organic,Sprinkler,No,776,Early,883734.2780046238,4.947733299626595,High
2002,Peaty,Temperate,4058.254241775336,137.56028631576737,Negative,Organic,Drip,Yes,201,Late,471646.65857876843,6.709572519555492,Medium
2006,Silty,Humid,1934.3862631943146,369.0408472900505,Positive,Inorganic,Flood,No,891,Late,84942.7300366896,6.263126219363985,High
2015,Peaty,Dry,3316.5111939665408,277.50008772182844,Positive,Organic,Drip,No,869,Late,393947.8290177619,7.716578868846749,Low
2015,Clayey,Dry,4486.8998670628425,447.25690175100215,Positive,Organic,Flood,Yes,948,Mid,805502.2828679773,5.549290071901256,Medium
2019,Clayey,Humid,3271.3843468203704,170.85991577895436,Neutral,Inorganic,Sprinkler,Yes,967,Mid,902756.2882607664,4.264660755337761,Low
2016,Peaty,Dry,1548.317636391352,377.0503808904658,Positive,Organic,Sprinkler,Yes,497,Late,211438.0150726199,4.076621942205012,Low
2001,Sandy,Tropical,609.8035170044211,435.24611585924407,Neutral,Inorganic,Flood,Yes,237,Mid,76303.87590501881,7.307434243891013,High
2000,Loamy,Tropical,4415.444932554185,477.8456877896093,Neutral,Inorganic,Flood,No,774,Late,878576.9486015103,6.098942550645729,High
2015,Sandy,Humid,595.7123488267421,373.2992113158583,Positive,Organic,Drip,No,486,Mid,395510.8895890865,7.100976207339797,Low
2011,Sandy,Temperate,4436.157527078897,298.8699056033709,Neutral,Inorganic,Sprinkler,Yes,210,Early,546343.3546248876,4.937702400046058,Low
2004,Sandy,Temperate,2880.217103122454,347.13889608048555,Positive,Inorganic,Drip,Yes,713,Early,968385.1539302514,5.3803349820529345,Medium
2004,Silty,Humid,4725.804643308033,447.5619937914873,Negative,Inorganic,Drip,Yes,116,Late,75899.08063508062,4.120415488845276,High
2022,Clayey,Humid,4094.5245609814942,328.2438986555319,Negative,Inorganic,Drip,No,879,Mid,651834.8273775746,7.845969298296449,Medium
2008,Sandy,Tropical,4990.703497400019,112.15482387873475,Negative,Inorganic,Sprinkler,No,281,Mid,83364.3683491184,6.671471626803253,Medium
2008,Clayey,Temperate,2078.203169532696,472.3794782027911,Negative,Organic,Drip,Yes,983,Early,381714.2391818354,7.732820351037224,Medium
2002,Peaty,Dry,3952.347300190071,375.81070041262444,Neutral,Organic,Drip,Yes,635,Early,805776.3997415123,5.06198562971629,Low
2018,Loamy,Tropical,2308.6891112415897,370.60535431089863,Positive,Inorganic,Drip,No,640,Late,439137.51042807807,6.445854444902643,Medium
2015,Peaty,Humid,2659.44029136759,186.27006095908686,Positive,Inorganic,Drip,Yes,270,Early,997210.5303639208,6.713999873170551,Medium
2015,Peaty,Temperate,3323.7745844826654,363.55418809306286,Positive,Organic,Drip,Yes,508,Late,563468.6920971362,5.270198801030354,Low
2002,Silty,Dry,4431.547013838524,257.5457622616634,Negative,Inorganic,Drip,No,839,Early,327950.531109594,7.39243694006252,High
2019,Loamy,Dry,4928.375611396828,360.49319081659684,Negative,Organic,Sprinkler,Yes,477,Early,227910.2126457056,7.788645851600991,High
2023,Peaty,Tropical,3957.2303623903317,142.6372121231963,Positive,Inorganic,Drip,No,287,Mid,357015.3289433002,7.539420470784018,Medium
2021,Peaty,Temperate,2379.950519753002,363.1381218412144,Negative,Inorganic,Flood,Yes,957,Early,378807.9410219553,6.956267903757491,Low
2023,Loamy,Temperate,2396.1065102468156,499.76549030826664,Positive,Inorganic,Drip,Yes,329,Early,78026.54094672136,5.109858718899816,High
2000,Loamy,Humid,3819.120357150012,119.28481554422241,Positive,Inorganic,Drip,No,932,Late,375878.45743250544,5.126464168422527,Medium
2023,Peaty,Temperate,1574.4971559573605,490.8696736885269,Positive,Inorganic,Sprinkler,No,951,Early,469596.13454183267,7.853441281784152,Medium
2019,Loamy,Temperate,997.133509091276,262.7631842891483,Positive,Inorganic,Sprinkler,Yes,218,Late,725510.3747164166,4.041137983742768,Low
2010,Peaty,Tropical,2095.7997093834947,448.30138013490364,Positive,Inorganic,Flood,No,255,Early,660162.1898743919,6.864199892968578,Medium
2016,Peaty,Temperate,1792.5754624433678,412.9541936233094,Positive,Organic,Flood,Yes,883,Early,711677.9986768627,6.824984650221049,High
2007,Silty,Dry,1833.3865420519553,326.8065043946671,Positive,Organic,Sprinkler,Yes,786,Late,18280.04505808853,6.49075816379919,Low
2003,Sandy,Tropical,1551.2348797245947,395.3796837005306,Negative,Organic,Sprinkler,No,564,Mid,225490.72558473068,7.960435384347463,High
2005,Peaty,Tropical,689.4193533636285,451.4062245205392,Positive,Inorganic,Drip,Yes,203,Late,665067.4455158579,5.247517743054901,High
2007,Clayey,Humid,580.4327063003622,261.6561286604132,Positive,Inorganic,Sprinkler,Yes,703,Late,489149.47449794965,5.359887455172993,High
2019,Sandy,Temperate,4944.750753812142,230.8132646252955,Negative,Inorganic,Flood,No,797,Late,15260.340911662486,4.315757611786222,Medium
2002,Sandy,Humid,2424.9791018113806,367.0373542254339,Negative,Inorganic,Drip,No,894,Mid,806449.6960075041,5.77119254617495,Medium
2015,Sandy,Dry,2229.4699122185675,423.13837677650343,Negative,Inorganic,Flood,Yes,601,Early,775081.477557434,5.044194104939392,High
2002,Silty,Tropical,3558.4127721188142,404.9140539106463,Positive,Inorganic,Drip,No,792,Late,552934.971363627,5.373546808710577,High
2017,Peaty,Tropical,1482.1424953927888,419.1254595434538,Neutral,Inorganic,Sprinkler,No,781,Late,75798.6925185094,7.33828716102251,Low
2013,Silty,Tropical,4774.825327776014,274.2333259251732,Neutral,Organic,Flood,No,798,Mid,768849.8990372588,7.741938054109983,Low
2017,Peaty,Dry,4038.552564869984,427.1336864700086,Negative,Inorganic,Drip,No,274,Late,587876.4518540503,4.742932288020743,Medium
2001,Silty,Dry,902.3495104051678,148.08362214824336,Neutral,Organic,Drip,Yes,833,Early,784140.3773863796,5.490035726213863,Medium
2021,Silty,Humid,2379.1134910321775,317.79563918433985,Negative,Organic,Sprinkler,Yes,844,Mid,754229.522471882,7.714522248461576,Low
2002,Clayey,Humid,4456.032384029741,102.30346419924862,Positive,Inorganic,Sprinkler,Yes,773,Early,804972.0512382587,4.2472338427568905,High
2015,Silty,Humid,4751.2941003113465,229.83433196010813,Neutral,Inorganic,Sprinkler,No,520,Early,522827.98574057856,4.369442112445514,Medium
2008,Loamy,Temperate,2603.306800624414,246.58461394855914,Positive,Organic,Flood,No,233,Mid,148921.27301157985,4.6511639568249175,High
2003,Clayey,Tropical,3260.3512514481845,258.4690766437021,Neutral,Organic,Drip,No,490,Late,674445.8986458918,6.380851336507499,Low
2000,Silty,Tropical,1251.6527574143386,378.18688267594484,Positive,Inorganic,Sprinkler,No,835,Early,624269.0472014509,4.601889084023989,Medium
2003,Sandy,Humid,4960.2588176163945,255.4232405081383,Neutral,Inorganic,Flood,No,600,Early,744830.6553270963,7.872305525802934,Medium
2000,Loamy,Tropical,1542.5226562254952,279.47744904901225,Positive,Organic,Flood,No,764,Early,178182.19599022795,5.786858109034082,Low
2013,Loamy,Humid,4742.292983608066,195.01765234973098,Positive,Inorganic,Flood,No,132,Early,203025.44790128633,6.006071841400665,Medium
2020,Loamy,Temperate,3423.409920465658,249.30071665173602,Neutral,Inorganic,Sprinkler,Yes,154,Mid,891505.4220471352,4.986634463221626,Low
2015,Clayey,Temperate,3234.815576954866,190.9078509052606,Positive,Inorganic,Sprinkler,Yes,618,Mid,752478.0204675501,5.8838410097389335,Medium
2019,Silty,Dry,2807.098299574289,129.27836950737745,Positive,Organic,Drip,No,855,Early,909146.2038133197,6.647654530548046,Low
2023,Silty,Temperate,1538.014152729914,341.3794373525511,Positive,Organic,Drip,No,924,Late,761128.1679522815,7.004708547816171,Medium
2007,Sandy,Humid,1294.3761440247872,367.2851194220065,Neutral,Organic,Sprinkler,No,737,Early,601183.7529303988,7.015472330839652,High
2006,Sandy,Temperate,1492.1879408157893,347.7961384038458,Neutral,Inorganic,Flood,Yes,111,Late,657591.409657595,6.311564450776354,High
2002,Loamy,Dry,1338.9721796491453,285.39761752022895,Positive,Inorganic,Flood,Yes,627,Early,890236.6447006098,7.617439099975429,High
2016,Sandy,Tropical,4008.13013105039,251.91431207169194,Positive,Organic,Flood,No,819,Late,583018.6869668211,7.269631389224438,Medium
2000,Clayey,Humid,2075.5636662502857,445.3334598287301,Neutral,Organic,Drip,No,654,Early,636067.4110851035,7.028192458794502,Medium
2015,Silty,Tropical,760.2920445352836,307.6327140544872,Neutral,Organic,Flood,Yes,472,Late,164911.94884356458,4.222422086721842,High
2011,Loamy,Dry,4860.961835633651,291.6727510518924,Positive,Inorganic,Drip,Yes,583,Early,479182.0079149417,4.027511848878597,High
2018,Sandy,Dry,4477.036482335416,110.25682632257427,Positive,Organic,Drip,Yes,746,Early,719233.1408385179,4.849789108781891,Low
2021,Clayey,Dry,4674.885274378458,236.49913105046255,Positive,Organic,Flood,Yes,327,Late,278233.2713332018,6.654094375653809,Low
2022,Clayey,Tropical,4977.085201908959,252.07824751434282,Negative,Inorganic,Flood,No,722,Mid,210231.63871928956,5.644789955530183,Low
2021,Sandy,Tropical,1282.5286214876928,259.5291123587602,Neutral,Inorganic,Sprinkler,Yes,406,Late,320688.5401421714,5.609625037197247,High
2013,Silty,Tropical,2283.0890850619644,332.0689476909329,Negative,Inorganic,Sprinkler,Yes,556,Mid,249085.62171290512,7.538347552918455,High
2005,Sandy,Tropical,3912.073140668411,313.4410186907514,Neutral,Organic,Flood,No,259,Early,222763.51066603189,7.582251392527355,High
2005,Loamy,Dry,3632.092781242065,343.16203711737785,Neutral,Inorganic,Drip,Yes,430,Late,430602.33443940606,7.636701056214343,Low
2012,Sandy,Dry,1192.5315785293478,405.9533046168513,Neutral,Inorganic,Drip,Yes,875,Late,908760.1287446987,5.255512306060109,Medium
2018,Clayey,Humid,4171.24906245778,425.1942954864374,Neutral,Organic,Drip,Yes,324,Late,511989.0502713311,6.764223250957047,High
2021,Sandy,Humid,1509.9825732649729,387.24923049059777,Neutral,Inorganic,Drip,No,828,Mid,196041.1770071698,5.086532725097479,Medium
2007,Silty,Tropical,1507.179266701804,482.2094783819739,Neutral,Organic,Drip,Yes,603,Mid,86201.95268706534,4.762439332297799,Medium
2001,Peaty,Temperate,2916.384903020361,107.29303307054465,Neutral,Organic,Sprinkler,No,555,Early,699194.583686546,4.738529829389477,Medium
2020,Sandy,Temperate,3168.2297067876643,178.31119427341844,Negative,Inorganic,Flood,No,144,Mid,388970.776792024,5.368430483454376,Low
2000,Silty,Dry,3110.38793527015,103.02514999125685,Positive,Inorganic,Sprinkler,Yes,313,Mid,823612.6371195057,5.719830479119286,Medium
2014,Silty,Dry,911.6907682898969,358.9898856618412,Positive,Inorganic,Drip,Yes,158,Early,662915.6609543625,7.323796684220273,High
2000,Clayey,Dry,4448.573881836712,459.2122195799948,Negative,Inorganic,Drip,Yes,743,Late,798279.0360359548,4.479564373890849,Low
2004,Silty,Humid,1695.2001916491772,197.39291863051972,Negative,Inorganic,Drip,Yes,715,Late,279226.57902426424,6.939703389579577,High
2015,Silty,Humid,1082.817145772619,470.81381791852266,Negative,Inorganic,Drip,No,294,Early,695435.3332364475,6.125819656757221,High
2018,Silty,Dry,4499.366359410397,124.10695611582435,Negative,Organic,Flood,Yes,588,Late,271421.3648467816,5.15178137070397,Low
2003,Silty,Dry,4800.43174203389,473.77441072220574,Neutral,Organic,Drip,Yes,256,Mid,939677.7946557887,5.971278338131299,High
2002,Loamy,Dry,4379.574277694528,240.64907489585377,Positive,Inorganic,Flood,Yes,709,Early,640010.5387180407,5.19976827910809,High
2016,Loamy,Temperate,4142.822336261952,140.5683313796866,Neutral,Organic,Drip,No,325,Early,331266.68217358866,6.384327820953224,Low
2016,Clayey,Humid,3448.5889128755975,294.34870367453027,Positive,Inorganic,Flood,Yes,511,Early,276816.74366934993,5.735375691420977,High
2011,Sandy,Temperate,2978.858167741127,202.71062708820318,Positive,Organic,Sprinkler,Yes,304,Late,199017.31922092708,4.657622116315515,Medium
2013,Silty,Temperate,891.4404196013456,213.94916078476913,Negative,Organic,Drip,No,178,Early,697694.5493047906,4.466332298222786,High
2020,Sandy,Dry,2338.0394588181443,222.9159859705146,Neutral,Organic,Flood,No,223,Early,226528.45686794803,6.18678272828852,Medium
2005,Sandy,Dry,2177.098326555413,421.21035913306537,Negative,Inorganic,Sprinkler,Yes,570,Early,599350.2332682142,7.609652133144413,High
2002,Clayey,Tropical,1668.892026921468,315.6645106701018,Neutral,Organic,Drip,Yes,317,Late,271988.6766561038,5.375830746230742,Low
2008,Silty,Tropical,3755.390511598632,224.52307966240147,Positive,Inorganic,Drip,Yes,615,Mid,665349.2553459299,6.932000428890493,Low
2004,Silty,Temperate,2731.440807854469,344.13351332436736,Negative,Organic,Drip,Yes,701,Early,816790.3312551338,6.634645419759067,High
2023,Peaty,Humid,864.7079715844156,386.4602696892774,Negative,Organic,Flood,Yes,203,Mid,780244.9907132066,7.726219657237924,Low
2016,Sandy,Dry,1490.824408774151,209.0496002934135,Positive,Organic,Flood,No,492,Late,763242.8176214739,7.283924069196564,High
2013,Sandy,Dry,3574.6644364681815,265.4196406101406,Positive,Organic,Sprinkler,No,730,Late,195845.18163532956,6.2664210356218515,Low
2020,Loamy,Temperate,842.5888677063508,148.75443733477903,Positive,Organic,Flood,Yes,744,Late,97501.09751467351,6.628121992936429,Medium
2002,Peaty,Tropical,4330.431113219459,172.45973981387212,Negative,Inorganic,Flood,Yes,923,Late,701959.3402025118,7.5935458663361395,High
2000,Loamy,Humid,2728.1593715628846,372.4471415859931,Neutral,Inorganic,Drip,No,707,Mid,374663.7416564078,5.598075138347739,Medium
2019,Loamy,Tropical,2662.639597969916,172.57533907825078,Negative,Organic,Drip,Yes,533,Early,438022.76413931383,5.3071788234311095,Medium
2020,Loamy,Tropical,3165.8350309678294,310.06535346682404,Neutral,Organic,Drip,Yes,430,Late,40837.60186545715,4.043244334540786,High
2022,Clayey,Tropical,4211.064346663172,383.6185046889731,Negative,Organic,Drip,Yes,242,Late,266980.6847822987,7.306204296765857,Medium
2000,Clayey,Tropical,2065.141435559869,142.75076923789754,Negative,Organic,Drip,Yes,899,Mid,43339.63983571938,7.2039228016134595,High
2002,Loamy,Dry,3551.072686515786,326.9248878515614,Positive,Inorganic,Drip,Yes,639,Mid,880393.9148752352,4.417818072400605,Medium
2017,Peaty,Dry,3045.79383798106,202.6251134805455,Neutral,Organic,Drip,No,377,Late,250962.71638634516,6.307429524530801,High
2009,Sandy,Tropical,1701.627215762396,485.1707500950319,Negative,Inorganic,Sprinkler,Yes,332,Early,561763.797877278,5.85592679266755,High
2021,Peaty,Humid,4453.834938598211,293.4182586879699,Negative,Organic,Sprinkler,Yes,628,Early,48589.527454519106,4.474836382036446,Low
2002,Silty,Temperate,4088.4170972311763,422.39701991006325,Positive,Inorganic,Sprinkler,Yes,670,Late,670178.9173926015,7.922272908242894,High
2007,Clayey,Humid,3463.0332559629146,320.0906168625047,Positive,Organic,Sprinkler,No,189,Mid,329797.07229655294,4.858783549853422,High
2013,Sandy,Humid,4327.617780924089,117.36501314192766,Neutral,Organic,Drip,No,591,Late,898939.9950880891,4.268936720362245,Medium
2023,Sandy,Humid,4402.823904319111,353.2605502376089,Negative,Inorganic,Sprinkler,No,298,Late,889237.0070446954,6.379389518007638,High
2017,Silty,Tropical,3687.6333952176565,480.56133688266283,Neutral,Organic,Drip,No,461,Mid,332037.7121781303,6.95546670853213,Low
2014,Silty,Dry,4266.559977636524,340.64472805853245,Negative,Organic,Sprinkler,Yes,540,Late,901951.2867335632,4.129773784188748,Medium
2021,Loamy,Humid,3638.621577511776,427.6755437707161,Neutral,Organic,Flood,No,125,Late,996196.096763791,6.634870554908089,Medium
2022,Clayey,Tropical,3560.6334729213518,453.68258533936313,Positive,Inorganic,Sprinkler,Yes,124,Late,827161.5074827085,6.129167503805817,Low
2001,Clayey,Humid,3283.7512019683295,191.231908779573,Negative,Organic,Sprinkler,Yes,493,Mid,846422.6342776767,4.413060035500194,Medium
2009,Peaty,Humid,3887.2248780093855,184.81793596329067,Neutral,Organic,Drip,No,606,Early,256518.64874799902,4.690095507785449,Medium
2001,Loamy,Tropical,1213.7229738188316,344.3923955403967,Positive,Inorganic,Sprinkler,No,400,Early,580935.3748691787,6.2718971892643225,Medium
2016,Loamy,Dry,4463.918416395178,264.4113879226819,Positive,Inorganic,Flood,No,438,Mid,76583.35482769417,5.1854304540531535,Medium
2007,Loamy,Dry,4423.295874853544,435.94452114668815,Neutral,Inorganic,Drip,No,366,Early,103968.75745345301,7.753262914605264,Low
2000,Loamy,Temperate,631.6127736555161,460.0092493592045,Negative,Organic,Drip,No,560,Late,998903.6859129576,7.274960917936204,Low
2008,Clayey,Tropical,4216.175377541433,241.36855172108724,Negative,Organic,Sprinkler,Yes,792,Early,333372.8569316518,7.934268826054652,Medium
2010,Clayey,Temperate,1079.9144036305033,194.74822358979281,Positive,Organic,Drip,No,555,Late,750702.0729283579,5.0386833558016555,Medium
2021,Loamy,Temperate,2008.0348441661386,412.21020609754476,Negative,Inorganic,Drip,No,459,Early,808598.4024965483,7.878894531191908,Low
2015,Peaty,Temperate,3845.7871533122348,209.92241421925445,Negative,Organic,Drip,No,167,Mid,859443.0382971569,5.7249354791662315,Low
2006,Sandy,Dry,1223.4195322173869,429.0457274054714,Negative,Organic,Drip,Yes,962,Early,997652.014428135,5.3900751812550185,Low
2009,Sandy,Tropical,4180.8516085357805,269.49530145950513,Positive,Inorganic,Drip,No,511,Early,249081.52040429917,4.201398107877413,Medium
2022,Peaty,Temperate,4244.6038008098385,367.0199597165882,Neutral,Inorganic,Drip,Yes,590,Early,49947.31859110271,4.21106103143841,Medium
2002,Loamy,Tropical,2783.604801923763,138.21412553386727,Negative,Inorganic,Flood,No,932,Mid,417079.6028146401,6.768045023786619,High
2017,Clayey,Tropical,528.7364227257511,349.5437298706292,Positive,Inorganic,Sprinkler,No,148,Early,138779.86313065747,5.831715977736112,Low
2023,Sandy,Dry,1791.6715992871075,280.70707149489164,Positive,Inorganic,Flood,Yes,786,Mid,32201.630270434573,4.906086504144422,Medium
2012,Silty,Temperate,3276.17113269084,334.64338527018964,Neutral,Organic,Drip,No,663,Late,366822.55887007125,6.455881225300931,Low
2006,Silty,Temperate,4915.337801123405,167.20568309794538,Negative,Inorganic,Drip,Yes,201,Early,785900.8685644841,5.011432473000445,Medium
2003,Peaty,Tropical,3343.1608715750076,394.74949797767283,Negative,Organic,Sprinkler,Yes,315,Mid,570518.8843128202,6.310527017377691,Low
2012,Loamy,Humid,1669.1161147887192,445.1188310172914,Neutral,Organic,Flood,Yes,537,Mid,319650.20931825053,5.436834987930761,Medium
2019,Sandy,Dry,3353.025663948251,186.69592003631027,Neutral,Inorganic,Sprinkler,No,799,Early,657798.5854377925,7.294208906447276,High
2000,Loamy,Dry,2929.9342087213495,138.2858222080647,Positive,Inorganic,Flood,No,668,Late,239697.99850572261,7.282784643067117,High
2007,Sandy,Dry,4009.304278180146,109.45543441853457,Positive,Inorganic,Drip,No,658,Mid,24237.631611364173,5.909401592489605,Low
2013,Peaty,Dry,981.4128747213128,356.7886001773064,Neutral,Organic,Sprinkler,Yes,258,Early,766709.8525720631,5.403276437340063,Medium
2015,Peaty,Temperate,3924.6255612591262,342.8376144355123,Negative,Inorganic,Sprinkler,No,588,Late,627505.654015369,5.450239186236378,Medium
2013,Silty,Temperate,2935.699604042496,318.678965085628,Positive,Inorganic,Drip,Yes,785,Mid,764679.5982559504,7.2228581026728715,Low
2011,Loamy,Humid,4833.464017365476,192.77883844639018,Positive,Inorganic,Sprinkler,No,341,Mid,48548.636520788954,5.312717931190448,Medium
2018,Silty,Dry,2038.4247471740873,256.3623983622059,Negative,Inorganic,Flood,Yes,893,Late,838748.4315523456,4.836237494827384,Low
2022,Loamy,Dry,3346.7985191027665,337.7905340744692,Positive,Inorganic,Flood,Yes,852,Late,623330.9380359403,4.338753367501227,Medium
